Source,Target,ID,Weight,Type
422,328,0,4.826110554442217,directed
422,208,1,4.54450263584091,directed
422,28,2,,directed
422,524,3,,directed
422,376,4,5.005767391848276,directed
422,116,5,4.1165753083343715,directed
422,132,6,,directed
422,12,7,4.8435947387279805,directed
422,768,8,,directed
422,826,9,4.581601803231761,directed
422,512,10,4.123313170113643,directed
422,450,11,,directed
422,414,12,4.290451379801321,directed
422,275,13,4.732783920255825,directed
422,203,14,,directed
422,659,15,4.325266290726817,directed
422,352,16,,directed
422,340,17,,directed
422,36,18,4.600577440293321,directed
422,360,19,4.916982462067217,directed
422,398,20,3.5066058588304356,directed
422,762,21,,directed
422,276,22,4.440093164150947,directed
422,144,23,4.651272002955312,directed
422,654,24,,directed
422,662,25,,directed
422,724,26,4.368375911931613,directed
422,50,27,4.040260655673952,directed
422,96,28,,directed
422,196,29,4.412987878308692,directed
422,178,30,,directed
422,894,31,,directed
422,624,32,,directed
422,388,33,5.210706150341686,directed
422,548,34,,directed
422,678,35,,directed
422,434,36,4.425641720991071,directed
422,438,37,,directed
422,380,38,4.3368395550492895,directed
422,250,39,4.494236927291796,directed
422,268,40,,directed
422,504,41,4.341653811356173,directed
422,694,42,,directed
422,320,43,,directed
422,462,44,4.757171615784406,directed
422,51,45,4.39201665248728,directed
422,876,46,,directed
422,56,47,4.442816952676983,directed
422,336,48,4.5144648253531905,directed
422,740,49,,directed
422,480,50,3.666666666666667,directed
422,660,51,,directed
422,348,52,4.939037698412697,directed
422,300,53,4.1764379495210004,directed
422,728,54,4.061890529088092,directed
422,600,55,4.5089091699261195,directed
422,887,56,4.869077217295699,directed
422,634,57,4.498849584321738,directed
422,686,58,3.9099271700944196,directed
422,704,59,4.25059997606569,directed
422,242,60,,directed
422,104,61,4.157501819820863,directed
422,604,62,4.583703374777976,directed
422,410,63,4.599056302375211,directed
422,296,64,,directed
422,90,65,,directed
422,262,66,5.196327683615819,directed
422,496,67,,directed
72,643,68,4.038854805725971,directed
72,156,69,4.237997346258933,directed
72,356,70,4.089036112805095,directed
72,174,71,,directed
72,246,72,,directed
72,882,73,,directed
72,408,74,,directed
72,192,75,,directed
72,578,76,,directed
72,417,77,,directed
72,120,78,3.629447565543072,directed
72,232,79,,directed
72,795,80,,directed
72,716,81,4.3228277857579664,directed
72,674,82,,directed
72,508,83,4.147445004498302,directed
72,48,84,,directed
72,854,85,,directed
72,368,86,,directed
72,231,87,4.166666666666667,directed
72,308,88,,directed
72,702,89,,directed
72,108,90,,directed
72,266,91,,directed
72,191,92,,directed
72,324,93,4.166666666666667,directed
72,364,94,,directed
72,426,95,4.166666666666667,directed
72,840,96,4.102631700878475,directed
72,710,97,4.1640363246428125,directed
72,764,98,,directed
72,418,99,,directed
72,818,100,3.762674271229404,directed
72,780,101,,directed
72,288,102,4.084270913298672,directed
72,440,103,,directed
72,233,104,,directed
72,729,105,,directed
72,798,106,,directed
72,804,107,,directed
72,52,108,,directed
72,384,109,3.629447565543072,directed
72,84,110,,directed
72,430,111,4.116666666666667,directed
72,528,112,3.867370892018779,directed
72,646,113,,directed
72,212,114,,directed
72,690,115,,directed
72,372,116,,directed
72,64,117,,directed
72,586,118,3.894691035683202,directed
72,442,119,,directed
72,32,120,,directed
72,112,121,,directed
72,834,122,4.074539946408927,directed
72,140,123,,directed
72,748,124,,directed
72,860,125,,directed
72,585,126,,directed
72,136,127,,directed
72,204,128,,directed
72,392,129,4.920698709358919,directed
72,478,130,,directed
72,218,131,,directed
72,458,132,4.038854805725971,directed
72,344,133,,directed
72,584,134,,directed
72,400,135,3.8249810174639336,directed
72,40,136,,directed
72,422,137,,directed
72,516,138,4.143735777019328,directed
72,148,139,,directed
72,214,140,,directed
72,533,141,,directed
72,558,142,,directed
72,562,143,,directed
72,100,144,,directed
72,566,145,3.9911875741479315,directed
72,670,146,,directed
72,184,147,,directed
72,270,148,,directed
72,554,149,,directed
72,862,150,,directed
72,620,151,,directed
72,470,152,,directed
72,24,153,4.084645669291338,directed
72,591,154,,directed
72,152,155,,directed
72,226,156,,directed
72,20,157,,directed
72,520,158,,directed
72,776,159,,directed
72,616,160,,directed
72,492,161,,directed
72,484,162,,directed
72,706,163,,directed
72,583,164,,directed
72,608,165,,directed
72,792,166,,directed
72,858,167,,directed
72,788,168,,directed
72,688,169,,directed
72,170,170,4.251704615574479,directed
72,760,171,,directed
72,60,172,,directed
72,446,173,,directed
72,404,174,4.166666666666667,directed
72,598,175,,directed
72,44,176,,directed
72,124,177,4.2605363984674325,directed
72,682,178,,directed
72,68,179,,directed
72,498,180,,directed
72,8,181,,directed
72,222,182,,directed
72,756,183,,directed
72,4,184,,directed
72,703,185,,directed
72,188,186,,directed
72,784,187,,directed
72,466,188,,directed
72,807,189,,directed
72,180,190,,directed
72,454,191,4.080948955669224,directed
72,332,192,,directed
72,428,193,,directed
72,76,194,3.946459412780657,directed
72,752,195,,directed
72,800,196,,directed
72,31,197,,directed
72,328,198,,directed
72,208,199,,directed
72,28,200,,directed
72,524,201,,directed
72,376,202,4.629062046149975,directed
72,116,203,,directed
72,132,204,,directed
72,12,205,,directed
72,768,206,,directed
72,826,207,4.232727619837559,directed
72,512,208,,directed
72,450,209,,directed
72,414,210,,directed
72,275,211,4.62028832739617,directed
72,203,212,,directed
72,659,213,,directed
72,352,214,,directed
72,340,215,,directed
72,36,216,4.157132432437258,directed
72,360,217,,directed
72,398,218,,directed
72,762,219,,directed
72,276,220,,directed
72,144,221,3.762674271229404,directed
72,654,222,,directed
72,662,223,,directed
72,724,224,4.367978012281053,directed
72,50,225,,directed
72,96,226,,directed
72,196,227,,directed
72,178,228,,directed
72,894,229,4.013525176278263,directed
72,624,230,,directed
72,388,231,,directed
72,548,232,,directed
72,678,233,,directed
72,434,234,,directed
72,438,235,,directed
72,380,236,,directed
72,250,237,,directed
72,268,238,,directed
72,504,239,3.6420552677029363,directed
72,694,240,,directed
72,320,241,,directed
72,462,242,4.475373583846985,directed
72,51,243,,directed
72,876,244,,directed
72,56,245,4.222671831910206,directed
72,336,246,,directed
72,740,247,,directed
72,480,248,4.108097047195454,directed
72,660,249,,directed
72,348,250,,directed
72,300,251,,directed
72,728,252,3.629447565543072,directed
72,600,253,,directed
72,887,254,,directed
72,634,255,4.038854805725971,directed
72,686,256,,directed
72,704,257,,directed
72,242,258,,directed
72,104,259,,directed
72,604,260,,directed
72,410,261,3.9768532662441074,directed
72,296,262,,directed
72,90,263,,directed
72,262,264,,directed
72,496,265,,directed
516,643,266,,directed
516,156,267,4.456043315868422,directed
516,356,268,4.204545454545454,directed
516,174,269,4.174928719543806,directed
516,246,270,4.119404873208471,directed
516,882,271,,directed
516,408,272,,directed
516,192,273,4.85996707588195,directed
516,578,274,3.9779411764705896,directed
516,417,275,,directed
516,120,276,,directed
516,232,277,,directed
516,795,278,,directed
516,716,279,4.122023511142837,directed
516,674,280,,directed
516,508,281,4.134287118121877,directed
516,48,282,,directed
516,854,283,3.6004901960784315,directed
516,368,284,,directed
516,231,285,4.9959935897435885,directed
516,308,286,,directed
516,702,287,4.177927927927928,directed
516,108,288,4.50070323488045,directed
516,266,289,,directed
516,191,290,,directed
516,324,291,,directed
516,364,292,,directed
516,426,293,,directed
516,840,294,4.406978309637097,directed
516,710,295,4.5217192067125564,directed
516,764,296,,directed
516,418,297,,directed
516,818,298,4.1884687945243115,directed
516,780,299,3.986656596173212,directed
516,288,300,3.8511306370845584,directed
516,440,301,,directed
516,233,302,,directed
516,729,303,4.463578780680919,directed
516,798,304,,directed
516,804,305,,directed
516,52,306,,directed
516,384,307,,directed
516,84,308,,directed
516,430,309,,directed
516,528,310,4.243467037690226,directed
516,646,311,,directed
516,212,312,,directed
516,690,313,,directed
516,372,314,,directed
516,64,315,,directed
516,586,316,,directed
516,442,317,,directed
516,32,318,,directed
516,112,319,,directed
516,834,320,4.462216851054865,directed
516,140,321,,directed
516,748,322,,directed
516,860,323,,directed
516,585,324,,directed
516,136,325,,directed
516,204,326,,directed
516,392,327,4.10912816322488,directed
516,478,328,4.181266320475969,directed
516,218,329,,directed
516,458,330,,directed
516,344,331,,directed
516,584,332,,directed
516,400,333,,directed
516,40,334,3.9589104339796863,directed
516,422,335,4.230805777271001,directed
516,72,336,4.056442095321878,directed
516,148,337,,directed
516,214,338,,directed
516,533,339,,directed
516,558,340,,directed
516,562,341,,directed
516,100,342,,directed
516,566,343,4.171454806216826,directed
516,670,344,,directed
516,184,345,,directed
516,270,346,,directed
516,554,347,4.166666666666667,directed
516,862,348,4.030604208112061,directed
516,620,349,3.9687194525904204,directed
516,470,350,,directed
516,24,351,4.2282382378636,directed
516,591,352,,directed
516,152,353,,directed
516,226,354,,directed
516,20,355,,directed
516,520,356,,directed
516,776,357,,directed
516,616,358,4.25549915397631,directed
516,492,359,,directed
516,484,360,,directed
516,706,361,3.9529965813402828,directed
516,583,362,,directed
516,608,363,3.739111543277693,directed
516,792,364,3.9238609112709826,directed
516,858,365,,directed
516,788,366,,directed
516,688,367,4.107704402515723,directed
516,170,368,,directed
516,760,369,,directed
516,60,370,,directed
516,446,371,,directed
516,404,372,4.124215872296077,directed
516,598,373,,directed
516,44,374,,directed
516,124,375,3.8725490196078427,directed
516,682,376,,directed
516,68,377,,directed
516,498,378,,directed
516,8,379,,directed
516,222,380,,directed
516,756,381,4.280243177355074,directed
516,4,382,,directed
516,703,383,,directed
516,188,384,,directed
516,784,385,4.2760079193664495,directed
516,466,386,,directed
516,807,387,,directed
516,180,388,4.401605199556262,directed
516,454,389,3.9192471492001597,directed
516,332,390,,directed
516,428,391,,directed
516,76,392,3.9512108262108256,directed
516,752,393,4.092526690391459,directed
516,800,394,4.219392833849139,directed
516,31,395,,directed
516,328,396,4.204424282459116,directed
516,208,397,,directed
516,28,398,,directed
516,524,399,,directed
516,376,400,4.8537523483964655,directed
516,116,401,,directed
516,132,402,,directed
516,12,403,4.195512820512821,directed
516,768,404,,directed
516,826,405,4.129057267752571,directed
516,512,406,,directed
516,450,407,3.8891678740909614,directed
516,414,408,,directed
516,275,409,4.7283442219781655,directed
516,203,410,,directed
516,659,411,,directed
516,352,412,4.606524668325041,directed
516,340,413,3.9700374531835214,directed
516,36,414,3.987982042839844,directed
516,360,415,,directed
516,398,416,,directed
516,762,417,,directed
516,276,418,4.56128533239626,directed
516,144,419,,directed
516,654,420,,directed
516,662,421,,directed
516,724,422,,directed
516,50,423,4.255698005698005,directed
516,96,424,,directed
516,196,425,4.018876206191832,directed
516,178,426,,directed
516,894,427,4.323653823324238,directed
516,624,428,,directed
516,388,429,3.992869875222816,directed
516,548,430,,directed
516,678,431,,directed
516,434,432,,directed
516,438,433,,directed
516,380,434,,directed
516,250,435,4.149129191200907,directed
516,268,436,,directed
516,504,437,,directed
516,694,438,,directed
516,320,439,,directed
516,462,440,4.245348074896454,directed
516,51,441,4.174928719543805,directed
516,876,442,,directed
516,56,443,4.00550558252319,directed
516,336,444,,directed
516,740,445,,directed
516,480,446,3.71702474857472,directed
516,660,447,,directed
516,348,448,4.25549915397631,directed
516,300,449,,directed
516,728,450,,directed
516,600,451,,directed
516,887,452,,directed
516,634,453,,directed
516,686,454,4.174928719543805,directed
516,704,455,3.639322916666667,directed
516,242,456,,directed
516,104,457,,directed
516,604,458,,directed
516,410,459,,directed
516,296,460,,directed
516,90,461,,directed
516,262,462,,directed
516,496,463,3.9170628631801376,directed
148,643,464,5.262189396364509,directed
148,156,465,4.2838296159349305,directed
148,356,466,4.142831920903955,directed
148,174,467,,directed
148,246,468,,directed
148,882,469,4.2381769641495035,directed
148,408,470,4.526689708141322,directed
148,192,471,3.9117538005190946,directed
148,578,472,4.52028740490279,directed
148,417,473,,directed
148,120,474,4.424093823991833,directed
148,232,475,,directed
148,795,476,,directed
148,716,477,4.8748527679623095,directed
148,674,478,,directed
148,508,479,,directed
148,48,480,,directed
148,854,481,4.590528421339274,directed
148,368,482,,directed
148,231,483,4.592029562414849,directed
148,308,484,,directed
148,702,485,,directed
148,108,486,,directed
148,266,487,4.31692001050931,directed
148,191,488,,directed
148,324,489,4.250533238469643,directed
148,364,490,4.29688522674777,directed
148,426,491,,directed
148,840,492,4.626449497274349,directed
148,710,493,4.434027777777779,directed
148,764,494,4.375,directed
148,418,495,,directed
148,818,496,4.739004623463618,directed
148,780,497,,directed
148,288,498,,directed
148,440,499,,directed
148,233,500,,directed
148,729,501,4.620215305108464,directed
148,798,502,,directed
148,804,503,4.132281499898608,directed
148,52,504,,directed
148,384,505,,directed
148,84,506,4.588244587317288,directed
148,430,507,,directed
148,528,508,,directed
148,646,509,4.037698412698412,directed
148,212,510,,directed
148,690,511,,directed
148,372,512,4.478418997567451,directed
148,64,513,,directed
148,586,514,,directed
148,442,515,,directed
148,32,516,,directed
148,112,517,,directed
148,834,518,,directed
148,140,519,5.2529081220316725,directed
148,748,520,,directed
148,860,521,,directed
148,585,522,,directed
148,136,523,,directed
148,204,524,4.761618589743589,directed
148,392,525,,directed
148,478,526,4.31624324987727,directed
148,218,527,,directed
148,458,528,,directed
148,344,529,,directed
148,584,530,,directed
148,400,531,4.109744990892531,directed
148,40,532,,directed
148,422,533,4.652979928196172,directed
148,72,534,,directed
148,516,535,,directed
148,214,536,,directed
148,533,537,,directed
148,558,538,,directed
148,562,539,4.43136040238228,directed
148,100,540,,directed
148,566,541,4.389651357065279,directed
148,670,542,,directed
148,184,543,,directed
148,270,544,,directed
148,554,545,4.774597830153387,directed
148,862,546,,directed
148,620,547,,directed
148,470,548,,directed
148,24,549,4.606678465865751,directed
148,591,550,,directed
148,152,551,,directed
148,226,552,,directed
148,20,553,,directed
148,520,554,,directed
148,776,555,,directed
148,616,556,5.692675159235669,directed
148,492,557,5.231143552311436,directed
148,484,558,4.166666666666667,directed
148,706,559,3.921558156755526,directed
148,583,560,,directed
148,608,561,,directed
148,792,562,4.911705167897118,directed
148,858,563,,directed
148,788,564,,directed
148,688,565,,directed
148,170,566,5.389587700908456,directed
148,760,567,,directed
148,60,568,,directed
148,446,569,,directed
148,404,570,4.3129049676025915,directed
148,598,571,,directed
148,44,572,,directed
148,124,573,4.364242498911317,directed
148,682,574,3.9701742811020417,directed
148,68,575,,directed
148,498,576,,directed
148,8,577,,directed
148,222,578,,directed
148,756,579,4.850844171314774,directed
148,4,580,,directed
148,703,581,,directed
148,188,582,,directed
148,784,583,4.27849834260078,directed
148,466,584,4.275681652275445,directed
148,807,585,,directed
148,180,586,4.191051249845986,directed
148,454,587,,directed
148,332,588,,directed
148,428,589,,directed
148,76,590,,directed
148,752,591,4.029817104585265,directed
148,800,592,4.227215644061715,directed
148,31,593,,directed
148,328,594,,directed
148,208,595,,directed
148,28,596,,directed
148,524,597,4.142811491775301,directed
148,376,598,4.6407744593671305,directed
148,116,599,4.121376811594203,directed
148,132,600,,directed
148,12,601,,directed
148,768,602,,directed
148,826,603,4.125567017854147,directed
148,512,604,,directed
148,450,605,,directed
148,414,606,,directed
148,275,607,4.579458485144737,directed
148,203,608,,directed
148,659,609,,directed
148,352,610,,directed
148,340,611,,directed
148,36,612,4.121758495370766,directed
148,360,613,,directed
148,398,614,,directed
148,762,615,,directed
148,276,616,4.314176364931741,directed
148,144,617,,directed
148,654,618,,directed
148,662,619,,directed
148,724,620,4.3337311058074794,directed
148,50,621,4.254903789649213,directed
148,96,622,,directed
148,196,623,,directed
148,178,624,,directed
148,894,625,,directed
148,624,626,,directed
148,388,627,,directed
148,548,628,,directed
148,678,629,,directed
148,434,630,4.5350805899116695,directed
148,438,631,,directed
148,380,632,4.1457299421009095,directed
148,250,633,4.405708572795802,directed
148,268,634,,directed
148,504,635,,directed
148,694,636,4.279817425178202,directed
148,320,637,,directed
148,462,638,4.399306254337027,directed
148,51,639,,directed
148,876,640,,directed
148,56,641,,directed
148,336,642,,directed
148,740,643,,directed
148,480,644,,directed
148,660,645,,directed
148,348,646,4.360163516159512,directed
148,300,647,4.29916300819872,directed
148,728,648,5.1121280683334716,directed
148,600,649,,directed
148,887,650,,directed
148,634,651,4.391509971565092,directed
148,686,652,4.03963085217765,directed
148,704,653,5.420942376677311,directed
148,242,654,,directed
148,104,655,5.72139303482587,directed
148,604,656,,directed
148,410,657,3.9122696817420435,directed
148,296,658,,directed
148,90,659,,directed
148,262,660,4.261576677915261,directed
148,496,661,,directed
214,643,662,,directed
214,156,663,4.119699546485261,directed
214,356,664,4.060917016010792,directed
214,174,665,,directed
214,246,666,,directed
214,882,667,3.804038680318544,directed
214,408,668,,directed
214,192,669,4.135916106760123,directed
214,578,670,3.6989371673923563,directed
214,417,671,,directed
214,120,672,,directed
214,232,673,,directed
214,795,674,,directed
214,716,675,,directed
214,674,676,,directed
214,508,677,,directed
214,48,678,,directed
214,854,679,,directed
214,368,680,,directed
214,231,681,,directed
214,308,682,5.001942299659589,directed
214,702,683,,directed
214,108,684,,directed
214,266,685,,directed
214,191,686,,directed
214,324,687,,directed
214,364,688,,directed
214,426,689,,directed
214,840,690,4.280995716361415,directed
214,710,691,,directed
214,764,692,,directed
214,418,693,,directed
214,818,694,4.109136911740311,directed
214,780,695,4.3009685446112345,directed
214,288,696,3.398617511520738,directed
214,440,697,,directed
214,233,698,,directed
214,729,699,,directed
214,798,700,,directed
214,804,701,,directed
214,52,702,4.209838083899741,directed
214,384,703,,directed
214,84,704,4.301782509381629,directed
214,430,705,,directed
214,528,706,4.407522498440704,directed
214,646,707,,directed
214,212,708,4.075210813492063,directed
214,690,709,,directed
214,372,710,4.7701149425287355,directed
214,64,711,,directed
214,586,712,,directed
214,442,713,4.104561878952123,directed
214,32,714,4.245294121690556,directed
214,112,715,,directed
214,834,716,,directed
214,140,717,,directed
214,748,718,,directed
214,860,719,,directed
214,585,720,,directed
214,136,721,,directed
214,204,722,,directed
214,392,723,4.018670309653916,directed
214,478,724,,directed
214,218,725,4.0373208462879235,directed
214,458,726,,directed
214,344,727,,directed
214,584,728,,directed
214,400,729,,directed
214,40,730,,directed
214,422,731,3.9365530303030303,directed
214,72,732,,directed
214,516,733,,directed
214,148,734,,directed
214,533,735,4.330136588201104,directed
214,558,736,4.198790907624181,directed
214,562,737,,directed
214,100,738,,directed
214,566,739,,directed
214,670,740,,directed
214,184,741,,directed
214,270,742,,directed
214,554,743,3.857677902621723,directed
214,862,744,4.280772270980124,directed
214,620,745,3.8485104855663237,directed
214,470,746,3.947916666666667,directed
214,24,747,,directed
214,591,748,4.093802296754937,directed
214,152,749,4.135549789466853,directed
214,226,750,,directed
214,20,751,,directed
214,520,752,,directed
214,776,753,,directed
214,616,754,4.505037447914797,directed
214,492,755,4.087571527266164,directed
214,484,756,4.283757009369773,directed
214,706,757,,directed
214,583,758,,directed
214,608,759,4.216608469518426,directed
214,792,760,3.952126537685073,directed
214,858,761,4.140044305988597,directed
214,788,762,3.9187471104946825,directed
214,688,763,,directed
214,170,764,4.099314056395575,directed
214,760,765,,directed
214,60,766,4.941045251752709,directed
214,446,767,3.8141025641025648,directed
214,404,768,4.254035324495591,directed
214,598,769,,directed
214,44,770,4.208388682973252,directed
214,124,771,4.190888622591713,directed
214,682,772,4.129673249282461,directed
214,68,773,,directed
214,498,774,,directed
214,8,775,,directed
214,222,776,3.918339742906542,directed
214,756,777,3.859375,directed
214,4,778,,directed
214,703,779,,directed
214,188,780,4.1131540000951405,directed
214,784,781,3.9018417531003258,directed
214,466,782,,directed
214,807,783,,directed
214,180,784,,directed
214,454,785,,directed
214,332,786,4.4339936065890635,directed
214,428,787,,directed
214,76,788,4.076929850948618,directed
214,752,789,4.255011999685728,directed
214,800,790,,directed
214,31,791,,directed
214,328,792,4.13663380183204,directed
214,208,793,4.1891621675664865,directed
214,28,794,,directed
214,524,795,3.2170364171438326,directed
214,376,796,4.53698651300548,directed
214,116,797,,directed
214,132,798,,directed
214,12,799,,directed
214,768,800,,directed
214,826,801,4.083127015857687,directed
214,512,802,,directed
214,450,803,,directed
214,414,804,,directed
214,275,805,4.737410899508446,directed
214,203,806,,directed
214,659,807,4.612299465240642,directed
214,352,808,,directed
214,340,809,4.123345283303752,directed
214,36,810,4.334854594916106,directed
214,360,811,,directed
214,398,812,,directed
214,762,813,,directed
214,276,814,4.1514677264374615,directed
214,144,815,,directed
214,654,816,,directed
214,662,817,4.208995261984391,directed
214,724,818,4.154240195480944,directed
214,50,819,,directed
214,96,820,,directed
214,196,821,,directed
214,178,822,,directed
214,894,823,,directed
214,624,824,,directed
214,388,825,4.011670784240106,directed
214,548,826,,directed
214,678,827,4.337899543378995,directed
214,434,828,,directed
214,438,829,,directed
214,380,830,4.108106301980703,directed
214,250,831,4.100136835461148,directed
214,268,832,,directed
214,504,833,4.321902056277056,directed
214,694,834,,directed
214,320,835,4.124067519636496,directed
214,462,836,4.258591684691181,directed
214,51,837,,directed
214,876,838,,directed
214,56,839,,directed
214,336,840,3.9877597656062918,directed
214,740,841,4.0625311158703665,directed
214,480,842,,directed
214,660,843,,directed
214,348,844,,directed
214,300,845,4.173122670664971,directed
214,728,846,,directed
214,600,847,3.990384615384616,directed
214,887,848,,directed
214,634,849,4.142139050387596,directed
214,686,850,,directed
214,704,851,4.108489978873502,directed
214,242,852,,directed
214,104,853,,directed
214,604,854,4.234938096152501,directed
214,410,855,3.9601688693098387,directed
214,296,856,,directed
214,90,857,,directed
214,262,858,,directed
214,496,859,,directed
533,643,860,,directed
533,156,861,,directed
533,356,862,,directed
533,174,863,,directed
533,246,864,,directed
533,882,865,,directed
533,408,866,,directed
533,192,867,4.350570328392909,directed
533,578,868,,directed
533,417,869,,directed
533,120,870,,directed
533,232,871,,directed
533,795,872,,directed
533,716,873,,directed
533,674,874,,directed
533,508,875,,directed
533,48,876,,directed
533,854,877,,directed
533,368,878,,directed
533,231,879,,directed
533,308,880,,directed
533,702,881,,directed
533,108,882,,directed
533,266,883,,directed
533,191,884,,directed
533,324,885,,directed
533,364,886,,directed
533,426,887,,directed
533,840,888,4.849722084470771,directed
533,710,889,,directed
533,764,890,,directed
533,418,891,,directed
533,818,892,,directed
533,780,893,,directed
533,288,894,,directed
533,440,895,,directed
533,233,896,,directed
533,729,897,,directed
533,798,898,,directed
533,804,899,,directed
533,52,900,,directed
533,384,901,,directed
533,84,902,,directed
533,430,903,,directed
533,528,904,4.94155821072163,directed
533,646,905,,directed
533,212,906,,directed
533,690,907,,directed
533,372,908,,directed
533,64,909,,directed
533,586,910,,directed
533,442,911,,directed
533,32,912,,directed
533,112,913,,directed
533,834,914,,directed
533,140,915,,directed
533,748,916,,directed
533,860,917,,directed
533,585,918,,directed
533,136,919,,directed
533,204,920,,directed
533,392,921,4.722222222222222,directed
533,478,922,,directed
533,218,923,,directed
533,458,924,,directed
533,344,925,,directed
533,584,926,,directed
533,400,927,,directed
533,40,928,,directed
533,422,929,,directed
533,72,930,,directed
533,516,931,,directed
533,148,932,,directed
533,214,933,4.290616502848936,directed
533,558,934,4.350570328392909,directed
533,562,935,,directed
533,100,936,,directed
533,566,937,,directed
533,670,938,,directed
533,184,939,,directed
533,270,940,,directed
533,554,941,,directed
533,862,942,4.863231552162849,directed
533,620,943,,directed
533,470,944,,directed
533,24,945,,directed
533,591,946,,directed
533,152,947,,directed
533,226,948,,directed
533,20,949,,directed
533,520,950,,directed
533,776,951,,directed
533,616,952,5.008317490494297,directed
533,492,953,,directed
533,484,954,4.496132062439564,directed
533,706,955,,directed
533,583,956,,directed
533,608,957,,directed
533,792,958,3.9204190118824265,directed
533,858,959,,directed
533,788,960,,directed
533,688,961,,directed
533,170,962,,directed
533,760,963,,directed
533,60,964,,directed
533,446,965,,directed
533,404,966,,directed
533,598,967,,directed
533,44,968,,directed
533,124,969,3.7523674242424248,directed
533,682,970,,directed
533,68,971,,directed
533,498,972,,directed
533,8,973,,directed
533,222,974,,directed
533,756,975,4.074585635359116,directed
533,4,976,,directed
533,703,977,,directed
533,188,978,,directed
533,784,979,,directed
533,466,980,,directed
533,807,981,,directed
533,180,982,,directed
533,454,983,,directed
533,332,984,4.343759081662307,directed
533,428,985,,directed
533,76,986,4.066998892580288,directed
533,752,987,,directed
533,800,988,,directed
533,31,989,,directed
533,328,990,3.9766970618034447,directed
533,208,991,,directed
533,28,992,,directed
533,524,993,,directed
533,376,994,,directed
533,116,995,,directed
533,132,996,,directed
533,12,997,,directed
533,768,998,,directed
533,826,999,4.655399372694186,directed
533,512,1000,,directed
533,450,1001,,directed
533,414,1002,,directed
533,275,1003,,directed
533,203,1004,,directed
533,659,1005,,directed
533,352,1006,,directed
533,340,1007,,directed
533,36,1008,,directed
533,360,1009,,directed
533,398,1010,,directed
533,762,1011,,directed
533,276,1012,,directed
533,144,1013,,directed
533,654,1014,,directed
533,662,1015,,directed
533,724,1016,3.5163776493256265,directed
533,50,1017,,directed
533,96,1018,,directed
533,196,1019,,directed
533,178,1020,,directed
533,894,1021,,directed
533,624,1022,,directed
533,388,1023,4.0225224610795856,directed
533,548,1024,,directed
533,678,1025,,directed
533,434,1026,,directed
533,438,1027,,directed
533,380,1028,4.009250621890548,directed
533,250,1029,,directed
533,268,1030,,directed
533,504,1031,,directed
533,694,1032,,directed
533,320,1033,,directed
533,462,1034,,directed
533,51,1035,,directed
533,876,1036,,directed
533,56,1037,4.237869198312236,directed
533,336,1038,,directed
533,740,1039,,directed
533,480,1040,,directed
533,660,1041,,directed
533,348,1042,,directed
533,300,1043,,directed
533,728,1044,,directed
533,600,1045,,directed
533,887,1046,,directed
533,634,1047,,directed
533,686,1048,,directed
533,704,1049,,directed
533,242,1050,,directed
533,104,1051,,directed
533,604,1052,4.9067449767105025,directed
533,410,1053,,directed
533,296,1054,,directed
533,90,1055,,directed
533,262,1056,,directed
533,496,1057,,directed
558,643,1058,4.2613366037629925,directed
558,156,1059,4.037996848705607,directed
558,356,1060,,directed
558,174,1061,,directed
558,246,1062,,directed
558,882,1063,,directed
558,408,1064,,directed
558,192,1065,4.482623565418732,directed
558,578,1066,,directed
558,417,1067,,directed
558,120,1068,,directed
558,232,1069,4.725943714189416,directed
558,795,1070,,directed
558,716,1071,,directed
558,674,1072,,directed
558,508,1073,,directed
558,48,1074,,directed
558,854,1075,,directed
558,368,1076,,directed
558,231,1077,,directed
558,308,1078,4.375560329964723,directed
558,702,1079,,directed
558,108,1080,,directed
558,266,1081,,directed
558,191,1082,,directed
558,324,1083,4.441802536231884,directed
558,364,1084,4.362757822800086,directed
558,426,1085,,directed
558,840,1086,4.332032598872521,directed
558,710,1087,3.8754853022739875,directed
558,764,1088,4.203623029281379,directed
558,418,1089,,directed
558,818,1090,,directed
558,780,1091,,directed
558,288,1092,,directed
558,440,1093,,directed
558,233,1094,,directed
558,729,1095,,directed
558,798,1096,,directed
558,804,1097,4.233647543299124,directed
558,52,1098,,directed
558,384,1099,,directed
558,84,1100,4.203244666815883,directed
558,430,1101,,directed
558,528,1102,,directed
558,646,1103,,directed
558,212,1104,,directed
558,690,1105,,directed
558,372,1106,,directed
558,64,1107,,directed
558,586,1108,,directed
558,442,1109,,directed
558,32,1110,4.099878621640071,directed
558,112,1111,4.047162789281546,directed
558,834,1112,4.383708467309753,directed
558,140,1113,,directed
558,748,1114,,directed
558,860,1115,,directed
558,585,1116,,directed
558,136,1117,,directed
558,204,1118,,directed
558,392,1119,,directed
558,478,1120,,directed
558,218,1121,4.1141445114706885,directed
558,458,1122,,directed
558,344,1123,,directed
558,584,1124,,directed
558,400,1125,4.292947779404588,directed
558,40,1126,,directed
558,422,1127,4.157501819820863,directed
558,72,1128,,directed
558,516,1129,,directed
558,148,1130,,directed
558,214,1131,4.135548892592511,directed
558,533,1132,4.330136588201104,directed
558,562,1133,,directed
558,100,1134,4.635416666666667,directed
558,566,1135,6.269716088328083,directed
558,670,1136,,directed
558,184,1137,,directed
558,270,1138,,directed
558,554,1139,,directed
558,862,1140,4.3998315935780195,directed
558,620,1141,,directed
558,470,1142,,directed
558,24,1143,,directed
558,591,1144,4.243095849365082,directed
558,152,1145,4.056842385516506,directed
558,226,1146,,directed
558,20,1147,,directed
558,520,1148,,directed
558,776,1149,,directed
558,616,1150,4.412299854439593,directed
558,492,1151,4.12037037037037,directed
558,484,1152,4.362848947190296,directed
558,706,1153,,directed
558,583,1154,,directed
558,608,1155,4.021751683953267,directed
558,792,1156,4.251100749848914,directed
558,858,1157,4.133919660678643,directed
558,788,1158,,directed
558,688,1159,,directed
558,170,1160,4.252735929584849,directed
558,760,1161,4.473577382387874,directed
558,60,1162,,directed
558,446,1163,,directed
558,404,1164,,directed
558,598,1165,,directed
558,44,1166,,directed
558,124,1167,4.101163295734064,directed
558,682,1168,,directed
558,68,1169,4.944360141628731,directed
558,498,1170,,directed
558,8,1171,,directed
558,222,1172,3.8627743518650504,directed
558,756,1173,3.963083604777416,directed
558,4,1174,,directed
558,703,1175,,directed
558,188,1176,4.312106238387474,directed
558,784,1177,,directed
558,466,1178,,directed
558,807,1179,,directed
558,180,1180,,directed
558,454,1181,,directed
558,332,1182,4.428964804732504,directed
558,428,1183,,directed
558,76,1184,4.5620636998254795,directed
558,752,1185,4.468796768906667,directed
558,800,1186,,directed
558,31,1187,,directed
558,328,1188,,directed
558,208,1189,,directed
558,28,1190,4.204650092081032,directed
558,524,1191,3.9451181592039797,directed
558,376,1192,4.547671065307335,directed
558,116,1193,4.725943714189416,directed
558,132,1194,3.968824940047962,directed
558,12,1195,3.794995987054876,directed
558,768,1196,,directed
558,826,1197,4.449173058818216,directed
558,512,1198,,directed
558,450,1199,,directed
558,414,1200,,directed
558,275,1201,4.39557499701346,directed
558,203,1202,,directed
558,659,1203,,directed
558,352,1204,,directed
558,340,1205,4.327067676956182,directed
558,36,1206,,directed
558,360,1207,,directed
558,398,1208,,directed
558,762,1209,,directed
558,276,1210,4.945822162645219,directed
558,144,1211,,directed
558,654,1212,,directed
558,662,1213,,directed
558,724,1214,4.416901706735298,directed
558,50,1215,,directed
558,96,1216,,directed
558,196,1217,,directed
558,178,1218,,directed
558,894,1219,,directed
558,624,1220,,directed
558,388,1221,,directed
558,548,1222,,directed
558,678,1223,4.433311789039862,directed
558,434,1224,,directed
558,438,1225,,directed
558,380,1226,4.396285955987973,directed
558,250,1227,3.9987916298847104,directed
558,268,1228,,directed
558,504,1229,,directed
558,694,1230,,directed
558,320,1231,4.019231648997175,directed
558,462,1232,,directed
558,51,1233,,directed
558,876,1234,,directed
558,56,1235,,directed
558,336,1236,4.651838046018465,directed
558,740,1237,4.875876797868737,directed
558,480,1238,,directed
558,660,1239,,directed
558,348,1240,,directed
558,300,1241,4.108974358974359,directed
558,728,1242,,directed
558,600,1243,5.4256343100481255,directed
558,887,1244,,directed
558,634,1245,,directed
558,686,1246,4.554516497971287,directed
558,704,1247,3.857138380621504,directed
558,242,1248,,directed
558,104,1249,4.157501819820863,directed
558,604,1250,3.878741541271092,directed
558,410,1251,3.910761154855643,directed
558,296,1252,,directed
558,90,1253,,directed
558,262,1254,,directed
558,496,1255,,directed
562,643,1256,4.23977323674059,directed
562,156,1257,4.244355657026889,directed
562,356,1258,,directed
562,174,1259,,directed
562,246,1260,,directed
562,882,1261,3.904906423874557,directed
562,408,1262,,directed
562,192,1263,,directed
562,578,1264,4.384920634920635,directed
562,417,1265,,directed
562,120,1266,4.414290020316741,directed
562,232,1267,,directed
562,795,1268,,directed
562,716,1269,,directed
562,674,1270,,directed
562,508,1271,,directed
562,48,1272,,directed
562,854,1273,4.374151697836441,directed
562,368,1274,3.6500481695568396,directed
562,231,1275,,directed
562,308,1276,3.88854640870005,directed
562,702,1277,,directed
562,108,1278,3.904906423874557,directed
562,266,1279,4.466871554835167,directed
562,191,1280,,directed
562,324,1281,4.436904647594401,directed
562,364,1282,4.075263312131325,directed
562,426,1283,,directed
562,840,1284,4.477414854017627,directed
562,710,1285,,directed
562,764,1286,,directed
562,418,1287,,directed
562,818,1288,4.166666666666667,directed
562,780,1289,,directed
562,288,1290,4.118356290243024,directed
562,440,1291,,directed
562,233,1292,,directed
562,729,1293,4.074645494123132,directed
562,798,1294,,directed
562,804,1295,4.2124915139171755,directed
562,52,1296,,directed
562,384,1297,4.353912174578264,directed
562,84,1298,,directed
562,430,1299,4.215541979037545,directed
562,528,1300,,directed
562,646,1301,,directed
562,212,1302,,directed
562,690,1303,,directed
562,372,1304,3.9590542099192625,directed
562,64,1305,,directed
562,586,1306,,directed
562,442,1307,,directed
562,32,1308,,directed
562,112,1309,,directed
562,834,1310,,directed
562,140,1311,4.134235532778135,directed
562,748,1312,,directed
562,860,1313,,directed
562,585,1314,,directed
562,136,1315,,directed
562,204,1316,4.343516177533172,directed
562,392,1317,4.022287816563997,directed
562,478,1318,4.489344528279099,directed
562,218,1319,,directed
562,458,1320,,directed
562,344,1321,,directed
562,584,1322,,directed
562,400,1323,4.397129489124937,directed
562,40,1324,,directed
562,422,1325,,directed
562,72,1326,,directed
562,516,1327,,directed
562,148,1328,4.429578558780479,directed
562,214,1329,,directed
562,533,1330,,directed
562,558,1331,,directed
562,100,1332,,directed
562,566,1333,4.430357972618466,directed
562,670,1334,,directed
562,184,1335,,directed
562,270,1336,,directed
562,554,1337,,directed
562,862,1338,,directed
562,620,1339,4.629973348562726,directed
562,470,1340,,directed
562,24,1341,,directed
562,591,1342,,directed
562,152,1343,,directed
562,226,1344,,directed
562,20,1345,,directed
562,520,1346,,directed
562,776,1347,,directed
562,616,1348,,directed
562,492,1349,,directed
562,484,1350,,directed
562,706,1351,,directed
562,583,1352,,directed
562,608,1353,,directed
562,792,1354,4.31522025596835,directed
562,858,1355,,directed
562,788,1356,,directed
562,688,1357,,directed
562,170,1358,,directed
562,760,1359,,directed
562,60,1360,,directed
562,446,1361,,directed
562,404,1362,,directed
562,598,1363,,directed
562,44,1364,,directed
562,124,1365,4.849550358332182,directed
562,682,1366,4.106726309508942,directed
562,68,1367,,directed
562,498,1368,,directed
562,8,1369,,directed
562,222,1370,,directed
562,756,1371,,directed
562,4,1372,5.044345898004434,directed
562,703,1373,,directed
562,188,1374,,directed
562,784,1375,,directed
562,466,1376,4.3130117473991385,directed
562,807,1377,,directed
562,180,1378,3.904906423874557,directed
562,454,1379,,directed
562,332,1380,3.8646934320001183,directed
562,428,1381,,directed
562,76,1382,,directed
562,752,1383,,directed
562,800,1384,4.194352504330083,directed
562,31,1385,,directed
562,328,1386,4.849984291548853,directed
562,208,1387,,directed
562,28,1388,,directed
562,524,1389,,directed
562,376,1390,,directed
562,116,1391,,directed
562,132,1392,,directed
562,12,1393,4.332533292897376,directed
562,768,1394,4.286959023583058,directed
562,826,1395,3.932789340901924,directed
562,512,1396,,directed
562,450,1397,,directed
562,414,1398,,directed
562,275,1399,,directed
562,203,1400,,directed
562,659,1401,,directed
562,352,1402,,directed
562,340,1403,,directed
562,36,1404,4.225946526151444,directed
562,360,1405,3.8646934320001183,directed
562,398,1406,,directed
562,762,1407,,directed
562,276,1408,4.315484387990128,directed
562,144,1409,,directed
562,654,1410,,directed
562,662,1411,,directed
562,724,1412,,directed
562,50,1413,,directed
562,96,1414,,directed
562,196,1415,,directed
562,178,1416,,directed
562,894,1417,,directed
562,624,1418,4.745072836332477,directed
562,388,1419,,directed
562,548,1420,,directed
562,678,1421,,directed
562,434,1422,4.469368418716907,directed
562,438,1423,,directed
562,380,1424,,directed
562,250,1425,4.527023579139324,directed
562,268,1426,,directed
562,504,1427,,directed
562,694,1428,4.326502732240438,directed
562,320,1429,3.8646934320001183,directed
562,462,1430,4.8676288101230405,directed
562,51,1431,,directed
562,876,1432,,directed
562,56,1433,,directed
562,336,1434,,directed
562,740,1435,,directed
562,480,1436,,directed
562,660,1437,,directed
562,348,1438,,directed
562,300,1439,,directed
562,728,1440,,directed
562,600,1441,,directed
562,887,1442,,directed
562,634,1443,4.752033831361409,directed
562,686,1444,4.278440099396564,directed
562,704,1445,,directed
562,242,1446,,directed
562,104,1447,,directed
562,604,1448,,directed
562,410,1449,,directed
562,296,1450,,directed
562,90,1451,,directed
562,262,1452,,directed
562,496,1453,,directed
100,643,1454,4.419375143488472,directed
100,156,1455,3.760563333015847,directed
100,356,1456,4.315583149314604,directed
100,174,1457,,directed
100,246,1458,4.227133630760045,directed
100,882,1459,,directed
100,408,1460,,directed
100,192,1461,3.596880870143159,directed
100,578,1462,3.9834419109663415,directed
100,417,1463,3.6194647838214777,directed
100,120,1464,,directed
100,232,1465,,directed
100,795,1466,4.364730046948357,directed
100,716,1467,,directed
100,674,1468,,directed
100,508,1469,,directed
100,48,1470,,directed
100,854,1471,,directed
100,368,1472,3.787840136054423,directed
100,231,1473,,directed
100,308,1474,,directed
100,702,1475,4.57940251572327,directed
100,108,1476,,directed
100,266,1477,,directed
100,191,1478,4.02077087419279,directed
100,324,1479,,directed
100,364,1480,4.734795237684278,directed
100,426,1481,,directed
100,840,1482,4.125926316175921,directed
100,710,1483,,directed
100,764,1484,4.418103448275861,directed
100,418,1485,,directed
100,818,1486,3.8914037375183907,directed
100,780,1487,,directed
100,288,1488,4.349492913000978,directed
100,440,1489,4.177739537261699,directed
100,233,1490,4.393939393939394,directed
100,729,1491,3.9281342387287514,directed
100,798,1492,,directed
100,804,1493,4.24198381285102,directed
100,52,1494,,directed
100,384,1495,,directed
100,84,1496,,directed
100,430,1497,,directed
100,528,1498,4.289687484058584,directed
100,646,1499,,directed
100,212,1500,,directed
100,690,1501,,directed
100,372,1502,3.995350019798604,directed
100,64,1503,,directed
100,586,1504,4.699842976395306,directed
100,442,1505,4.171304764542219,directed
100,32,1506,4.2673718244528995,directed
100,112,1507,4.052083333333333,directed
100,834,1508,,directed
100,140,1509,,directed
100,748,1510,,directed
100,860,1511,4.339442355889725,directed
100,585,1512,4.016209882789255,directed
100,136,1513,,directed
100,204,1514,,directed
100,392,1515,4.198599987568579,directed
100,478,1516,,directed
100,218,1517,,directed
100,458,1518,,directed
100,344,1519,,directed
100,584,1520,,directed
100,400,1521,4.017318603949119,directed
100,40,1522,4.22696248408425,directed
100,422,1523,4.5611885890222394,directed
100,72,1524,,directed
100,516,1525,,directed
100,148,1526,,directed
100,214,1527,,directed
100,533,1528,,directed
100,558,1529,4.694010416666667,directed
100,562,1530,,directed
100,566,1531,4.204819186186912,directed
100,670,1532,,directed
100,184,1533,,directed
100,270,1534,,directed
100,554,1535,4.018716577540106,directed
100,862,1536,4.2011589403973515,directed
100,620,1537,4.199554419167075,directed
100,470,1538,4.314814755825137,directed
100,24,1539,4.190782422293676,directed
100,591,1540,,directed
100,152,1541,3.804597701149425,directed
100,226,1542,,directed
100,20,1543,,directed
100,520,1544,,directed
100,776,1545,,directed
100,616,1546,4.276894901611419,directed
100,492,1547,4.226967433604,directed
100,484,1548,4.07919149200102,directed
100,706,1549,,directed
100,583,1550,,directed
100,608,1551,4.075007638252369,directed
100,792,1552,4.298060143536635,directed
100,858,1553,4.261549412325731,directed
100,788,1554,,directed
100,688,1555,4.372295954998381,directed
100,170,1556,4.196764417507455,directed
100,760,1557,4.927756300863282,directed
100,60,1558,,directed
100,446,1559,,directed
100,404,1560,,directed
100,598,1561,,directed
100,44,1562,4.349779995707233,directed
100,124,1563,4.397585512296265,directed
100,682,1564,4.231676203813249,directed
100,68,1565,,directed
100,498,1566,3.922671890424484,directed
100,8,1567,4.2970488191868546,directed
100,222,1568,,directed
100,756,1569,4.297813909951911,directed
100,4,1570,,directed
100,703,1571,4.219645444335013,directed
100,188,1572,,directed
100,784,1573,4.1250311100049775,directed
100,466,1574,4.259465478841871,directed
100,807,1575,4.2539416535441745,directed
100,180,1576,,directed
100,454,1577,,directed
100,332,1578,,directed
100,428,1579,4.3582459207459205,directed
100,76,1580,4.17236105868333,directed
100,752,1581,4.175779701330872,directed
100,800,1582,4.089046199701937,directed
100,31,1583,4.230583089221106,directed
100,328,1584,,directed
100,208,1585,4.162007319526258,directed
100,28,1586,,directed
100,524,1587,,directed
100,376,1588,4.402297553767656,directed
100,116,1589,4.2682009626955475,directed
100,132,1590,,directed
100,12,1591,4.490782295929014,directed
100,768,1592,,directed
100,826,1593,4.308153344232557,directed
100,512,1594,,directed
100,450,1595,4.243815821699731,directed
100,414,1596,3.9084377759114473,directed
100,275,1597,4.494561652346263,directed
100,203,1598,4.394529738416899,directed
100,659,1599,4.504189944134079,directed
100,352,1600,2.890917602996255,directed
100,340,1601,,directed
100,36,1602,3.9182089798281114,directed
100,360,1603,,directed
100,398,1604,4.201406913886409,directed
100,762,1605,,directed
100,276,1606,4.321516805260003,directed
100,144,1607,3.665620291932692,directed
100,654,1608,,directed
100,662,1609,,directed
100,724,1610,4.073155063993352,directed
100,50,1611,3.9137219284368596,directed
100,96,1612,,directed
100,196,1613,4.2243589743589745,directed
100,178,1614,,directed
100,894,1615,,directed
100,624,1616,,directed
100,388,1617,,directed
100,548,1618,,directed
100,678,1619,,directed
100,434,1620,4.0460043206490734,directed
100,438,1621,,directed
100,380,1622,4.291356874417373,directed
100,250,1623,4.0821428331152845,directed
100,268,1624,,directed
100,504,1625,4.140479515828678,directed
100,694,1626,,directed
100,320,1627,,directed
100,462,1628,3.9570853347159995,directed
100,51,1629,4.319140063764547,directed
100,876,1630,,directed
100,56,1631,4.188036509112121,directed
100,336,1632,4.270833333333333,directed
100,740,1633,,directed
100,480,1634,4.231166150670796,directed
100,660,1635,,directed
100,348,1636,4.411266126649182,directed
100,300,1637,4.260421479321918,directed
100,728,1638,,directed
100,600,1639,,directed
100,887,1640,,directed
100,634,1641,4.026856235200269,directed
100,686,1642,,directed
100,704,1643,3.933849740218046,directed
100,242,1644,,directed
100,104,1645,,directed
100,604,1646,,directed
100,410,1647,3.8606099656357387,directed
100,296,1648,,directed
100,90,1649,,directed
100,262,1650,,directed
100,496,1651,3.9815467795016453,directed
566,643,1652,4.1758198901824946,directed
566,156,1653,4.021442206813956,directed
566,356,1654,4.171403950913151,directed
566,174,1655,,directed
566,246,1656,4.3465140255571635,directed
566,882,1657,4.108803994986975,directed
566,408,1658,,directed
566,192,1659,4.007078396823735,directed
566,578,1660,4.033019896981248,directed
566,417,1661,4.34815553895355,directed
566,120,1662,4.444425109245036,directed
566,232,1663,4.224299863387977,directed
566,795,1664,,directed
566,716,1665,4.117355215806282,directed
566,674,1666,,directed
566,508,1667,4.064078892426536,directed
566,48,1668,,directed
566,854,1669,4.432854695202666,directed
566,368,1670,4.227132617820054,directed
566,231,1671,4.309793851398782,directed
566,308,1672,4.010025062656641,directed
566,702,1673,4.084662157883755,directed
566,108,1674,3.841145833333333,directed
566,266,1675,5.494650391802291,directed
566,191,1676,,directed
566,324,1677,4.167599669199126,directed
566,364,1678,4.282225323328321,directed
566,426,1679,4.808575484301937,directed
566,840,1680,4.256745760951926,directed
566,710,1681,4.236273431318586,directed
566,764,1682,4.573994771803568,directed
566,418,1683,,directed
566,818,1684,4.264149111635422,directed
566,780,1685,4.255130669462565,directed
566,288,1686,4.079972885828881,directed
566,440,1687,4.164866852597108,directed
566,233,1688,3.5585079840319365,directed
566,729,1689,4.264223490324678,directed
566,798,1690,,directed
566,804,1691,4.194685315289851,directed
566,52,1692,,directed
566,384,1693,4.121478840723862,directed
566,84,1694,3.8948265179677826,directed
566,430,1695,3.999639304975896,directed
566,528,1696,4.231656006028445,directed
566,646,1697,4.007079583262004,directed
566,212,1698,,directed
566,690,1699,,directed
566,372,1700,4.204555391182303,directed
566,64,1701,,directed
566,586,1702,4.659899205757864,directed
566,442,1703,,directed
566,32,1704,3.7560672514619915,directed
566,112,1705,4.1398609960636055,directed
566,834,1706,4.191016367834334,directed
566,140,1707,3.7927350427350435,directed
566,748,1708,,directed
566,860,1709,,directed
566,585,1710,,directed
566,136,1711,,directed
566,204,1712,4.1942351921518135,directed
566,392,1713,4.431149187879993,directed
566,478,1714,,directed
566,218,1715,,directed
566,458,1716,4.183244554081033,directed
566,344,1717,,directed
566,584,1718,,directed
566,400,1719,4.453730473583087,directed
566,40,1720,4.234325864081411,directed
566,422,1721,4.51773919904847,directed
566,72,1722,3.9835389727493298,directed
566,516,1723,4.047026665186986,directed
566,148,1724,4.453981960574078,directed
566,214,1725,,directed
566,533,1726,,directed
566,558,1727,5.111857735718805,directed
566,562,1728,4.469865969143579,directed
566,100,1729,4.320107903647507,directed
566,670,1730,4.010025062656641,directed
566,184,1731,,directed
566,270,1732,4.175243572349556,directed
566,554,1733,4.027852914046939,directed
566,862,1734,3.9863000969511337,directed
566,620,1735,4.071813315983023,directed
566,470,1736,4.910557691850588,directed
566,24,1737,3.973391026356695,directed
566,591,1738,5.597828000444875,directed
566,152,1739,4.143893452118911,directed
566,226,1740,3.985065310045681,directed
566,20,1741,,directed
566,520,1742,,directed
566,776,1743,,directed
566,616,1744,3.9241071565121293,directed
566,492,1745,3.9199765429954008,directed
566,484,1746,4.183873378015958,directed
566,706,1747,3.9346220691380527,directed
566,583,1748,,directed
566,608,1749,4.756423279395195,directed
566,792,1750,4.146936244386273,directed
566,858,1751,,directed
566,788,1752,4.133421985815604,directed
566,688,1753,,directed
566,170,1754,4.0369799299788305,directed
566,760,1755,3.9413104749591947,directed
566,60,1756,,directed
566,446,1757,,directed
566,404,1758,4.396675493372084,directed
566,598,1759,,directed
566,44,1760,3.9880306697208883,directed
566,124,1761,4.539758187255872,directed
566,682,1762,4.120981941644043,directed
566,68,1763,4.226666666666667,directed
566,498,1764,,directed
566,8,1765,4.210220673635308,directed
566,222,1766,4.04351395730706,directed
566,756,1767,4.0922420012691445,directed
566,4,1768,4.33052080180271,directed
566,703,1769,,directed
566,188,1770,,directed
566,784,1771,4.112574065331814,directed
566,466,1772,4.482551587124545,directed
566,807,1773,,directed
566,180,1774,4.192817007426678,directed
566,454,1775,4.22540958500954,directed
566,332,1776,3.854248738752976,directed
566,428,1777,5.3694158075601415,directed
566,76,1778,4.540230103222694,directed
566,752,1779,4.176331242261739,directed
566,800,1780,4.074617565174827,directed
566,31,1781,4.166666666666667,directed
566,328,1782,3.9420480693982665,directed
566,208,1783,3.896893289202535,directed
566,28,1784,4.265232974910394,directed
566,524,1785,,directed
566,376,1786,4.554528724366842,directed
566,116,1787,4.497732234972541,directed
566,132,1788,4.228959025470654,directed
566,12,1789,4.171192521074894,directed
566,768,1790,4.148335612526678,directed
566,826,1791,4.221775311210718,directed
566,512,1792,4.556475214201949,directed
566,450,1793,3.88205937159831,directed
566,414,1794,,directed
566,275,1795,4.657711346122994,directed
566,203,1796,4.432603588629407,directed
566,659,1797,,directed
566,352,1798,4.091773988587299,directed
566,340,1799,3.7189054726368163,directed
566,36,1800,4.020605410962707,directed
566,360,1801,4.1149653873333865,directed
566,398,1802,4.239214548268524,directed
566,762,1803,,directed
566,276,1804,4.128247321891603,directed
566,144,1805,3.8050794487147694,directed
566,654,1806,,directed
566,662,1807,,directed
566,724,1808,4.273140522685382,directed
566,50,1809,4.166666666666667,directed
566,96,1810,,directed
566,196,1811,4.249516778391063,directed
566,178,1812,4.235531130155136,directed
566,894,1813,4.145785181696826,directed
566,624,1814,4.0820370039849205,directed
566,388,1815,3.878089477098714,directed
566,548,1816,,directed
566,678,1817,,directed
566,434,1818,4.972936544350585,directed
566,438,1819,,directed
566,380,1820,4.070003338788324,directed
566,250,1821,4.162099602618695,directed
566,268,1822,,directed
566,504,1823,4.1317810413064375,directed
566,694,1824,4.2563313354761325,directed
566,320,1825,,directed
566,462,1826,4.616698331113636,directed
566,51,1827,,directed
566,876,1828,,directed
566,56,1829,3.924585232213117,directed
566,336,1830,3.801662174303683,directed
566,740,1831,,directed
566,480,1832,4.135105465380694,directed
566,660,1833,,directed
566,348,1834,3.9607771970576855,directed
566,300,1835,4.0900008571813835,directed
566,728,1836,,directed
566,600,1837,,directed
566,887,1838,4.557591523449585,directed
566,634,1839,4.488121521312165,directed
566,686,1840,4.051488331525179,directed
566,704,1841,3.7485526866658834,directed
566,242,1842,,directed
566,104,1843,4.366333887964505,directed
566,604,1844,4.181505223171889,directed
566,410,1845,3.950974879834026,directed
566,296,1846,,directed
566,90,1847,,directed
566,262,1848,,directed
566,496,1849,,directed
670,643,1850,4.062788550323177,directed
670,156,1851,3.9060554755330466,directed
670,356,1852,4.005028735632184,directed
670,174,1853,,directed
670,246,1854,,directed
670,882,1855,,directed
670,408,1856,,directed
670,192,1857,4.3189792663476885,directed
670,578,1858,,directed
670,417,1859,,directed
670,120,1860,,directed
670,232,1861,,directed
670,795,1862,,directed
670,716,1863,,directed
670,674,1864,,directed
670,508,1865,,directed
670,48,1866,,directed
670,854,1867,,directed
670,368,1868,4.449246453900709,directed
670,231,1869,,directed
670,308,1870,4.190008228646048,directed
670,702,1871,,directed
670,108,1872,,directed
670,266,1873,,directed
670,191,1874,,directed
670,324,1875,,directed
670,364,1876,,directed
670,426,1877,,directed
670,840,1878,4.123815355619691,directed
670,710,1879,,directed
670,764,1880,,directed
670,418,1881,,directed
670,818,1882,,directed
670,780,1883,4.082554224604335,directed
670,288,1884,4.025689223057644,directed
670,440,1885,,directed
670,233,1886,,directed
670,729,1887,,directed
670,798,1888,,directed
670,804,1889,,directed
670,52,1890,4.573552812558284,directed
670,384,1891,,directed
670,84,1892,4.291817223727794,directed
670,430,1893,,directed
670,528,1894,5.835137085137085,directed
670,646,1895,,directed
670,212,1896,,directed
670,690,1897,,directed
670,372,1898,4.1713952699830195,directed
670,64,1899,,directed
670,586,1900,,directed
670,442,1901,,directed
670,32,1902,,directed
670,112,1903,,directed
670,834,1904,,directed
670,140,1905,,directed
670,748,1906,,directed
670,860,1907,,directed
670,585,1908,,directed
670,136,1909,,directed
670,204,1910,,directed
670,392,1911,4.61848517517868,directed
670,478,1912,,directed
670,218,1913,,directed
670,458,1914,,directed
670,344,1915,,directed
670,584,1916,,directed
670,400,1917,,directed
670,40,1918,3.933183442868673,directed
670,422,1919,,directed
670,72,1920,,directed
670,516,1921,,directed
670,148,1922,,directed
670,214,1923,,directed
670,533,1924,,directed
670,558,1925,,directed
670,562,1926,,directed
670,100,1927,,directed
670,566,1928,4.4125913434513775,directed
670,184,1929,,directed
670,270,1930,,directed
670,554,1931,3.9064625850340136,directed
670,862,1932,4.188676683035858,directed
670,620,1933,,directed
670,470,1934,,directed
670,24,1935,,directed
670,591,1936,,directed
670,152,1937,3.70034542314335,directed
670,226,1938,,directed
670,20,1939,,directed
670,520,1940,,directed
670,776,1941,,directed
670,616,1942,4.166666666666667,directed
670,492,1943,,directed
670,484,1944,4.271840849139556,directed
670,706,1945,,directed
670,583,1946,,directed
670,608,1947,,directed
670,792,1948,3.8670091324200913,directed
670,858,1949,,directed
670,788,1950,,directed
670,688,1951,,directed
670,170,1952,,directed
670,760,1953,,directed
670,60,1954,,directed
670,446,1955,,directed
670,404,1956,,directed
670,598,1957,,directed
670,44,1958,4.167143030549392,directed
670,124,1959,3.9544629679828915,directed
670,682,1960,4.06989673902244,directed
670,68,1961,,directed
670,498,1962,,directed
670,8,1963,,directed
670,222,1964,,directed
670,756,1965,,directed
670,4,1966,,directed
670,703,1967,,directed
670,188,1968,,directed
670,784,1969,4.084645669291338,directed
